{
  "sigma1": {
    "G": -1.5102502604772097,
    "O": 0.04,
    "T": -1.2294255638107048e-07,
    "S": -8.617981847236527e-05
  },
  "sigma2": {
    "G": -3.8272252250512064,
    "O": -0.0258732212160414,
    "T": 4.15377090640852e-07,
    "S": 0.00020280961057735124
  },
  "t": 10.0
}

